satisfaction_level,last_evaluation,number_project,average_montly_hours,time_spend_company,Work_accident,Quit_the_Company,promotion_last_5years,Departments,salary,employee_id
0.331689759,0.84795323,6,151,4,0,0,0,IT,low,NE15014
0.468433604,0.169658921,5,303,4,0,0,0,IT,low,NE15015
0.858448188,0.918310799,4,162,6,1,0,0,IT,low,NE15064
0.056210837,0.322600238,2,229,5,1,0,0,IT,low,NE15086
0.382647774,0.434348361,4,260,3,1,0,0,hr,low,NE15021
0.887891554,0.824671795,4,245,3,1,0,0,hr,low,NE15099
0.827268223,0.779616305,7,224,2,0,0,0,sales,low,NE15034
0.627046232,0.160653138,2,227,10,1,0,0,sales,low,NE15038
0.205280034,0.616095534,6,153,3,1,0,1,sales,low,NE15059
0.706509697,0.25727586,4,193,3,0,0,0,sales,low,NE15101
0.649432473,0.929682075,3,275,2,1,0,0,support,low,NE15012
0.515232637,0.879031344,3,132,5,1,0,0,support,low,NE15049
0.4280038,0.356213477,5,177,3,1,0,0,support,low,NE15076
0.050319462,0.094472199,4,254,5,0,0,0,support,low,NE15103
0.769474334,0.107043082,5,195,3,1,0,0,marketing,low,NE15022
0.496125167,0.155558902,3,264,3,0,0,0,marketing,low,NE15093
0.880566946,0.213570618,2,274,3,0,0,0,technical,low,NE15005
0.691851001,0.389108732,6,207,2,1,0,0,technical,low,NE15007
0.750555461,0.676731916,2,240,3,0,0,0,technical,low,NE15037
0.056580088,0.307177927,2,232,3,0,0,0,technical,low,NE15055
0.028847924,0.565016318,3,279,3,1,0,0,technical,low,NE15089
0.36974831,0.817124404,2,259,2,1,0,0,technical,low,NE15095
0.675486326,0.311071541,6,270,3,0,0,0,accounting,low,NE15006
0.191649855,0.401751784,2,152,2,1,0,0,accounting,low,NE15092
0.21912661,0.843908096,4,241,6,1,0,0,management,low,NE15023
0.056697407,0.147056371,3,158,4,1,0,0,product_mng,low,NE15028
0.45410672,0.334589912,2,181,5,1,0,0,product_mng,low,NE15042
0.644405394,0.788894002,5,158,3,1,0,0,product_mng,low,NE15066
0.556826371,0.258446453,4,246,3,0,0,0,product_mng,low,NE15072
0.88735304,0.235917522,2,155,2,1,0,0,product_mng,low,NE15077
0.537849447,0.122914093,2,208,2,0,0,0,IT,high,NE15043
0.606185928,0.401648594,3,255,3,1,0,0,IT,high,NE15048
0.505348332,0.025073522,3,273,2,1,0,0,hr,high,NE15019
0.778983106,0.553756209,5,143,4,0,0,0,hr,high,NE15024
0.753784358,0.207436618,4,264,2,1,0,0,hr,high,NE15053
0.586596962,0.60679166,2,197,4,1,0,0,hr,high,NE15097
0.411792167,0.085821042,5,201,3,0,0,0,RandD,high,NE15008
0.424229017,0.333542974,5,182,3,1,0,0,RandD,high,NE15044
0.605273289,0.713086008,2,218,3,0,0,0,RandD,high,NE15069
0.043437132,0.162372099,2,175,3,0,0,0,RandD,high,NE15082
0.22762496,0.248690957,6,135,4,1,0,0,sales,high,NE15009
0.417362818,0.278315787,6,236,2,0,0,0,sales,high,NE15020
0.876990604,0.477692896,5,204,4,1,0,0,sales,high,NE15047
0.626711954,0.239885519,5,208,3,1,0,0,sales,high,NE15091
0.432676868,0.450902464,7,276,2,0,0,0,sales,high,NE15096
0.465965762,0.023904055,4,143,3,0,0,0,support,high,NE15013
0.131742252,0.295623709,3,238,6,1,0,0,support,high,NE15031
0.049412509,0.830307456,3,242,4,0,0,0,support,high,NE15054
0.572412823,0.175651286,4,184,3,1,0,0,support,high,NE15056
0.807642246,0.816155651,5,176,3,0,0,0,support,high,NE15074
0.206996848,0.584030985,5,212,4,0,0,0,support,high,NE15078
0.554545507,0.191776537,4,162,3,0,0,0,marketing,high,NE15032
0.081802629,0.333143713,4,261,3,1,0,0,marketing,high,NE15079
0.153666741,0.07138621,5,266,3,0,0,0,marketing,high,NE15081
0.754727622,0.709232185,2,188,3,0,0,0,marketing,high,NE15094
0.948175334,0.822795829,3,253,3,0,0,0,technical,high,NE15025
0.647782683,0.923555424,5,137,5,1,0,0,technical,high,NE15041
0.935544928,0.598580935,4,274,3,1,0,0,technical,high,NE15057
0.517048131,0.4402218,4,191,3,0,0,0,accounting,high,NE15058
0.166697827,0.185491232,3,231,3,0,0,0,accounting,high,NE15075
0.079142187,0.082327422,5,171,3,0,0,0,management,high,NE15027
0.519621517,0.998393833,2,206,4,1,0,0,management,high,NE15029
0.509264995,0.457986056,2,246,3,0,0,0,management,high,NE15040
0.840195758,0.286901453,6,181,3,0,0,0,management,high,NE15046
0.540137865,0.90595145,6,146,3,0,0,0,management,high,NE15060
0.293372602,0.810959387,4,222,3,1,0,0,management,high,NE15071
0.998786609,0.420597282,4,158,4,1,0,0,management,high,NE15084
0.261919789,0.148266613,3,233,4,1,0,0,product_mng,high,NE15045
0.618129571,0.886697706,3,197,6,1,0,0,product_mng,high,NE15050
0.666139756,0.65895706,3,248,4,0,0,0,product_mng,high,NE15083
0.974857752,0.103933433,2,244,3,1,0,1,product_mng,high,NE15088
0.518926855,0.049428787,4,143,3,1,0,0,IT,medium,NE15017
0.321125258,0.975135938,4,261,4,0,0,0,hr,medium,NE15016
0.994731473,0.383150774,5,234,8,0,0,0,hr,medium,NE15098
0.215622623,0.767677634,2,142,3,1,0,0,hr,medium,NE15102
0.555186194,0.555948867,2,187,3,0,0,0,RandD,medium,NE15035
0.619263513,0.758331493,5,259,3,1,0,0,RandD,medium,NE15039
0.976977185,0.860385644,6,296,3,0,0,0,sales,medium,NE15067
0.442119428,0.394944978,4,206,3,1,0,0,sales,medium,NE15068
0.909806521,0.777483137,4,234,2,1,0,0,sales,medium,NE15070
0.433834614,0.035243457,4,309,4,0,0,0,sales,medium,NE15100
0.921736209,0.641334808,5,184,2,1,0,0,support,medium,NE15011
0.457109428,0.797262409,5,181,2,1,0,0,support,medium,NE15026
0.772948978,0.800485463,4,259,3,1,0,0,support,medium,NE15061
0.591645166,0.984465145,4,284,3,1,0,0,support,medium,NE15063
0.410268189,0.19948786,4,156,7,0,0,0,marketing,medium,NE15062
0.293283952,0.186385831,3,139,3,1,0,0,marketing,medium,NE15090
0.761428611,0.403896413,3,182,3,0,0,0,technical,medium,NE15030
0.564433469,0.233423751,3,225,5,0,0,0,technical,medium,NE15033
0.114685361,0.820721726,3,144,3,1,0,0,technical,medium,NE15052
0.48132677,0.249399594,5,270,2,0,0,0,technical,medium,NE15073
0.271246317,0.883007109,4,180,2,1,0,0,technical,medium,NE15087
0.279294265,0.031493743,3,140,2,1,0,0,accounting,medium,NE15010
0.241395042,0.91235411,4,144,6,1,0,0,accounting,medium,NE15080
0.445945929,0.032542724,3,273,2,0,0,1,accounting,medium,NE15104
0.088118114,0.626649167,3,264,2,1,0,0,management,medium,NE15036
0.111997009,0.855751949,3,255,2,1,0,0,management,medium,NE15065
0.40882711,0.304253893,4,200,5,0,0,1,product_mng,medium,NE15018
0.219413554,0.644934243,3,246,2,1,0,0,product_mng,medium,NE15051
0.882977775,0.009858842,4,207,3,1,0,0,product_mng,medium,NE15085